Sintonia da Sa煤de Produtos Naturais,"R. Jos茅 Beiro, 300 - Novo Estreito, Florian贸polis - SC, 88075-542, Brazil",
"Loja de Produtos Naturais IMBUR | Casa de Produtos Naturais Florian贸polis, Suplementos & Castanhas","R. Felipe Schmidt, 554 - Sala 01 - Centro, Florian贸polis - SC, 88010-001, Brazil",
Nutty Bavarian,"Av. Me. Benvenuta, 687 - Santa Monica, Florian贸polis - SC, 88035-000, Brazil",
"Albanos Naturais, Granel e Suplementos","Av. Eng. Max de Souza, 790 - Loja 03 - Coqueiros, Florian贸polis - SC, 88080-000, Brazil",
Nut Store,"R. dos Ilh茅us, 46 - Centro, Florian贸polis - SC, 88010-560, Brazil",
Vivenda dos Gr茫os,"R. Campolino Alves, 38 - Sala 02 - Capoeiras, Florian贸polis - SC, 88085-110, Brazil",
Nutty Bavarian,"Rod. Ac. ao Aeroporto, 6.200 - Carianos, Florian贸polis - SC, 88047-902, Brazil",
Kendra Castanha,"R. Eur铆co Hosterno, 219 - Santa Monica, Florian贸polis - SC, 88035-400, Brazil",
Maria Nuts Produtos Naturais e Alimenta莽茫o Saud谩vel,"R. Hermann Blumenau, 282 - Centro, Florian贸polis - SC, 88020-020, Brazil",
Cia das Fibras - Produtos Saud谩veis,"R. Jo茫o Ant么nio da Silveira, 134 - Lagoa da Concei莽茫o, Florian贸polis - SC, 88062-150, Brazil",
Simples e Natural Armaz茅m Campeche,"Av. Pequeno Pr铆ncipe, 2072 - Campeche, Florian贸polis - SC, 88063-000, Brazil",
DNA Emp贸rio Shopping Villa Romana,"Av. Madre Benvenuta, 687 - Loja 124 - Santa Monica, Florian贸polis - SC, 88035-000, Brazil",
Terra Astral Produtos Naturais,"Alameda C茅sar Nascimento, 324 - Jurer锚, Florian贸polis - SC, 88053-600, Brazil",
Amaz么nia Nativa Produtos Naturais,"Av. L茅dio Jo茫o Martins, 201 - Kobrasol, S茫o Jos茅 - SC, 88102-000, Brazil",
Diego Produtos Naturais,"R. Profa. Maria do Patroc铆nio Coelho, 497 - Pantanal, Florian贸polis - SC, 88040-230, Brazil",
Emp贸rio D枚ll - Produtos Naturais,"R. Lauro Linhares, 2123 - 5 - Trindade, Florian贸polis - SC, 88036-003, Brazil",
Maria Nuts Produtos Naturais e Alimenta莽茫o Saud谩vel,"R. Hermann Blumenau, 282 - Centro, Florian贸polis - SC, 88020-020, Brazil",
Macad芒mia Bolsas,"R. 2400, 450 - loja 02 - Centro, Balne谩rio Cambori煤 - SC, 88330-414, Brazil",
Banana Fit Gourmet,"Servid茫o Jardim dos Poetas, 30 - Campeche, Florian贸polis - SC, 88063-192, Brazil",
Banana Bacana,"R. Hypp贸lito do Valle Pereira 36 sala 5- Lagoa da Concei莽茫o, Florian贸polis - SC 88062-210 Telefone:48996300608 - Lagoa da Concei莽茫o, Florian贸polis - SC, 88062-210, Brazil",
Vanna Banana | Uniformes Criativos Ltda,"R. Cap. Pedro Bruno de Lima, 65 - Trindade, Florian贸polis - SC, 88036-230, Brazil",
Banana Beach Sucos,"Servid茫o Trajano Manoel dos Anjos, 20 - Barra da Lagoa, Florian贸polis - SC, 88061-240, Brazil",
Morro do Caju,"Servid茫o Jos茅 C芒ndido Amorim, 126 - Saco Grande, Florian贸polis - SC, 88032-200, Brazil",
"CLIOS CAJU | LAGOA DA CONCEIO, FLORIANPOLIS","Servid茫o Braulio Sag谩z, 72 - Lagoa da Concei莽茫o, Florian贸polis - SC, 88062-206, Brazil",
Com Caju,"R. Dr. Heitor Blum, 977 - apto 231 - Estreito, Florian贸polis - SC, 88075-110, Brazil",
Caju Est煤dio Criativo,"R. Bocai煤va, 1913 - Sala 29 - Centro, Florian贸polis - SC, 88015-540, Brazil",
Pousada Caju Rosa,"R. 41285, 5-637 - Ibiraquera, Imbituba - SC, 88780-000, Brazil",
Atacad茫o - Florian贸polis JK,"Av. Juscelino K. de Oliveira, 469 - Capoeiras, Florian贸polis - SC, 88070-120, Brazil",
Atacad茫o - Florian贸polis Via Expressa,"BR-282 - Capoeiras, Florian贸polis - SC, 88080-050, Brazil",
Brasil Atacadista,"Estrada, Rod. Armando Calil Bulos, 5890 - Ingleses Centro, Florian贸polis - SC, 88058-001, Brazil",
Fort Atacadista,"Rod. Francisco Magno Vieira, S/N潞 405 - Aut贸dromo, Florian贸polis - SC, 88063-700, Brazil",
Atacado Catarinense,"R. Pintor Eduardo Dias, 334 - Jardim Atl芒ntico, Florian贸polis - SC, 88095-800, Brazil",
Atacado Vit贸ria,"R. F煤lvio Aducci, 1180 - Estreito, Florian贸polis - SC, 88075-000, Brazil",
Fort Atacadista,"Rod. Jos茅 Carlos Daux, 9580 - Santo Antonio de Lisboa, Florian贸polis - SC, 88050-001, Brazil",
Fort Atacadista,"Trevo Canasvieiras, Ingleses - SC-401 acesso, Rod. Jos茅 Carlos Daux, Florian贸polis - SC, 88058-001, Brazil",
Brasil Atacadista,"SC-405, 373 - Rio Tavares, Florian贸polis - SC, 88048-000, Brazil",
Atacado Litoral,"R. Cel. Pedro Demoro, 1440 - Balneario, Florian贸polis - SC, 88075-300, Brazil",
Fort,"R. Elesb茫o Pinto da Luz, 1183 - Jardim Atl芒ntico, Florian贸polis - SC, 88095-500, Brazil",
Kompr茫o Koch Atacadista,"Rod. Jo茫o Gualberto Soares, 3381 - Ingleses do Rio Vermelho, Florian贸polis - SC, 88060-000, Brazil",
ATACADO CATARINENSE,"R. Gen. Liberato Bittencourt, 1518 - Estreito, Florian贸polis - SC, 88075-400, Brazil",
atacadista,"Centro, Florian贸polis - State of Santa Catarina, 88010-400, Brazil",
Angeloni,"Av. Marinheiro Max Schramm, 3450 - Loja 16 - Jardim Atl芒ntico, Florian贸polis - SC, 88095-000, Brazil",
Precito Atacado e Varejo de Bebidas,"R. Santos Saraiva, 960 - Estreito, Florian贸polis - SC, 88070-101, Brazil",
TLL Atacadista,"R. F煤lvio Aducci, 656 - Estreito, Florian贸polis - SC, 88075-000, Brazil",
YIHAO ATACADO,"R. Francisco Tolentino, 426 - Centro, Florian贸polis - SC, 88010-090, Brazil",
Kremer Atacado,"R. Pref. Rogerio Vi锚ira, 585 - Jardim Atl芒ntico, Florian贸polis - SC, 88095-130, Brazil",
Atacarejo Bebidas,"R. Lauro Linhares, 1974 - Trindade, Florian贸polis - SC, 88036-002, Brazil",
Mercado P煤blico de Florian贸polis,"R. Jer么nimo Coelho, 60 - Centro, Florian贸polis - SC, 88010-030, Brazil",
Angeloni Supermercado,"R. Esteves J煤nior, 307 - Centro, Florian贸polis - SC, 88015-130, Brazil",
Angeloni Santa Monica,"R. Nirberto Haase, 75 - Santa Monica, Florian贸polis - SC, 88035-215, Brazil",
HiperBom Supermercados,"R. Deodoro, n潞281 - Centro, Florian贸polis - SC, 88010-020, Brazil",
Supermercados Imperatriz - Centro Florian贸polis,"Av. Mauro Ramos, 982 - Centro, Florian贸polis - SC, 88020-300, Brazil",
Angeloni Capoeiras,"Av. Gov. Ivo Silveira, 2445 - Capoeiras, Florian贸polis - SC, 88085-001, Brazil",
Mercado Floripa,"R. Rui Barbosa, 398 - fundos - Agron么mica, Florian贸polis - SC, 88025-300, Brazil",
"Mercado Taviana | Jo茫o Paulo - Florian贸polis, SC","Rodovia Jo茫o Paulo, 671 - Jo茫o Paulo, Florian贸polis - SC, 88030-300, Brazil",
Hippo,"R. Alm. Alvim, 555 - Centro, Florian贸polis - SC, 88015-380, Brazil",
Market St George,"R. Brejauna, 43 - Itacorubi, Florian贸polis - SC, 88034-403, Brazil",
Angeloni Supermarket Beira Mar,"Av. Gov. Irineu Bornhausen, 5288 - Agron么mica, Florian贸polis - SC, 88025-202, Brazil",
Angeloni,"Av. Marinheiro Max Schramm, 3450 - Loja 16 - Jardim Atl芒ntico, Florian贸polis - SC, 88095-000, Brazil",
Mercado Uni茫o,"Cal莽ad茫o Jo茫o Pinto, 78 - Centro, Florian贸polis - SC, 88010-420, Brazil",
Bistek,"R. Jo茫o C芒ncio Jacques, 49 - Costeira do Pirajuba茅, Florian贸polis - SC, 88047-010, Brazil",
Mercado Carvoeira,"R. Cap. Romualdo de Barros, 905 - Carvoeira, Florian贸polis - SC, 88040-600, Brazil",
Supermercado Floripa,"Estr. Ver. Onildo Lemos, 775 - Ingleses do Rio Vermelho, Florian贸polis - SC, 88058-700, Brazil",
MARKET GUGA EXPRESS,"Rua General Bittencourt 64 Esquina com a, Av. Herc铆lio Luz - Centro, Florian贸polis - SC, 88020-100, Brazil",
Carrefour Hypermarket,"Av. Me. Benvenuta, 687 - loja 11 - Santa Monica, Florian贸polis - SC, 88035-000, Brazil",
Angeloni Bocai煤va,"R. Bocai煤va, 1600 - Centro, Florian贸polis - SC, 88010-400, Brazil",
Imperatriz Supermarket,"Av. das Na莽玫es, 192 - Canasvieiras, Florian贸polis - SC, 88054-010, Brazil",
Emp贸rio Floripa,"R. C么nego Bernardo, 101 via whatsapp, 48, 99162-6559 - Trindade, Florian贸polis - SC, 88036-570, Brazil",
Emp贸rium Bocaiuva,"R. Bocai煤va, 1901 - Centro, Florian贸polis - SC, 88015-530, Brazil",
EMPORIO SUL FLORIPA,"Rod. Baldicero Filomeno, 8720 - Ribeir茫o da Ilha, Florian贸polis - SC, 88064-002, Brazil",
Emp贸rio Mania da Ilha,"R. Francisco Tolentino, s/n - Centro, Florian贸polis - SC, 88010-200, Brazil",
Emp贸rio D枚ll - Produtos Naturais,"R. Lauro Linhares, 2123 - 5 - Trindade, Florian贸polis - SC, 88036-003, Brazil",
a,"Av. Pref. Osmar Cunha, 227 - Centro, Florian贸polis - SC, 88015-100, Brazil",
Floripa Emporio Gourmet,"R. Prof. Marcos Cardoso Filho, 15 - Loja 04 - C贸rrego Grande, Florian贸polis - SC, 88037-040, Brazil",
Capella Coffee Emporium,"Rod. Admar Gonzaga, 3730 - Itacorubi, Florian贸polis - SC, 88034-001, Brazil",
Emp贸rio Santa M么nica,"Av. Me. Benvenuta, 908 - Loja 102 (-27.5912076, -48.5122944 - Santa Monica, Florian贸polis - SC, 88035-000, Brazil",
Emp贸rio dos Varais,"R. Silva Jardim, 169 - Centro, Florian贸polis - SC, 88020-199, Brazil",
Emp贸rio dos Uniformes,"R. Lauro Linhares, 1887 - Trindade, Florian贸polis - SC, 88036-003, Brazil",
Emp贸rio S茫o Queijo,"R. Padre Louren莽o R. de Andrade, 241 - Santo Antonio de Lisboa, Florian贸polis - SC, 88050-400, Brazil",
Emp贸rio Ilha Caf茅,"R. Arcipreste Paiva, 108 - Centro, Florian贸polis - SC, 88010-530, Brazil",
Marama Produtos artesanais,"Centro Comercial Ilha Bela - Av. Me. Benvenuta, 1584 - Loja 02 - Santa Monica, Florian贸polis - SC, 88035-001, Brazil",
Gr茫o & Pronto Healthy food,"R. Vidal Ramos, 120 - Centro, Florian贸polis - SC, 88010-320, Brazil",
Japan Foods Oriental Emporium,"Av. Gov. Jos茅 Boabaid, 40 - Loja 02 - C贸rrego Grande, Florian贸polis - SC, 88037-200, Brazil",
Emp贸rio 84,"R. Des. Pedro Silva, 2649 - sala 06 - Coqueiros, Florian贸polis - SC, 88080-700, Brazil",
Emporio Catarinense,"MIRANTE DA PRAIA MOLE - Rod. Jorn. Manoel de Menezes, 1747 - Barra da Lagoa, Florian贸polis - SC, 88061-701, Brazil",
Nut Store,"R. dos Ilh茅us, 46 - Centro, Florian贸polis - SC, 88010-560, Brazil",
Supermercados Imperatriz - Centro Florian贸polis,"Av. Mauro Ramos, 982 - Centro, Florian贸polis - SC, 88020-300, Brazil",
RECK BEBIDAS,"R. Ant么nio Carlos Ferreira, 671 - Agron么mica, Florian贸polis - SC, 88025-211, Brazil",
Cacha莽aria Quiridhuz,"Rod. Baldicero Filomeno, 14403 - Ribeir茫o da Ilha, Florian贸polis - SC, 88064-002, Brazil",
Liquor Store Brasil - Conveni锚ncia,"R. Intendente Jo茫o Nunes Vieira, 1555 - Ingleses, Florian贸polis - SC, 88058-100, Brazil",
Office of Liquor,"Av. dos B煤zios, 809 - Sala 4 - Jurer锚, Florian贸polis - SC, 88053-301, Brazil",
do Brasil bebidas,"R. Graciliano Manoel Gomes, 940 - Ingleses do Rio Vermelho, Florian贸polis - SC, 88058-200, Brazil",
Essen Vinhos Finos,"R. Hermann Blumenau, 207 - Centro, Florian贸polis - SC, 88020-020, Brazil",
"Levin - Vinhos, emp贸rio e presentes","R. Des. Pedro Silva, 2045 - Coqueiros, Florian贸polis - SC, 88080-700, Brazil",
On莽a B锚bada,"R. Conselheiro Mafra, 538 - Centro, Florian贸polis - SC, 88010-102, Brazil",
Enoteca Decanter Florian贸polis,"R. Hermann Blumenau, 207 - 1 - Centro, Florian贸polis - SC, 88020-020, Brazil",
Trink Bier CHOPP DELIVERY EVENTOS,"Rod. Jos茅 Carlos Daux - Saco Grande, Florian贸polis - SC, 88032-005, Brazil",
Espa莽o Prime Bebidas - Loja,"Av. Gov. Jorge Lacerda, 920 - Campinas, S茫o Jos茅 - SC, 88101-420, Brazil",
Delosantos bebidas,"Rod. Francisco Magno Vieira, 184 - Rio Tavares, Florian贸polis - SC, 88063-700, Brazil",
DARK EMPORIO DE BEBIDAS LTDA,"R. Min. Ribeiro da Costa, 169 - Jardim Atl芒ntico, Florian贸polis - SC, 88095-210, Brazil",
Licor Cacha莽a Balne谩rio Cambori煤 Especial Bebida Destilados Alambique Engenho Don Vico,"Av. Santa Catarina, 1240 - Centro, Cambori煤 - SC, 88340-010, Brazil",
Top Market Floripa,"R. Hoepcke, 168 - Centro, Florian贸polis - SC, 88010-130, Brazil",
"Loja De Bebidas On - Conveni锚ncia, Bebida Gelada, Carv茫o, Gelo","Av. das Tipuanas, 531 - Madri, Palho莽a - SC, 88136-300, Brazil",
Chopp Gus,"R. Jo茫o Pio Duarte Silva, 1650 - C贸rrego Grande, Florian贸polis - SC, 88037-000, Brazil",
Piccola Bottega Italiana,"Anexo Ao Posto Ipiranga - Rod. Admar Gonzaga, 2565 - Sala 25 e 26 - Itacorubi, Florian贸polis - SC, 88034-001, Brazil",
Cacha莽aria Schmitz - Cacha莽a Schmitz,"R. Ant么nio Pedro Scherer, 7191 - Santa Maria, Ant么nio Carlos - SC, 88180-000, Brazil",
Baruc Natural,"Rod. Jorn. Manoel de Menezes, 1056 - Praia Mole, Florian贸polis - SC, 88061-701, Brazil",
Le Barbaron,"Av. Tom Traugott Wildi, 215 - Praia Brava, Florian贸polis - SC, 88056-800, Brazil",
Balb煤rdia Cervejeira Florian贸polis,"R. Alm. Lamego, 425 - Centro, Florian贸polis - SC, 88015-600, Brazil",
Le Pario Bistro,"Al. Annita Hoepcke da Silva, 112 - Galp茫o 6, mezanino - Centro, Florian贸polis - SC, 88010-282, Brazil",
Baogui,"R. Henrique Vera do Nascimento, 190 - Lagoa da Concei莽茫o, Florian贸polis - SC, 88062-020, Brazil",
La Butcheria,"Saco Grande, Florian贸polis - State of Santa Catarina, 88032-100, Brazil",
MERCADO BARU,"R. Jo茫o Paulo Gaspar, 2151 - Ipiranga, S茫o Jos茅 - SC, 88111-671, Brazil",
Cia Sucos,"R. Anita Garibaldi, 145 - Centro, Florian贸polis - SC, 88010-500, Brazil",
Floripa Sucos,"R. Jer么nimo Coelho, 90 - Centro, Florian贸polis - SC, 88010-030, Brazil",
Cia Sucos,"Shopping Deodoro - R. Deodoro, 126 - 23-24 - Centro, Florian贸polis - SC, 88010-020, Brazil",
Cia Sucos - Padre Roma,"Rua Padre Roma, 319 - Centro, Florian贸polis - SC, 88010-090, Brazil",
Cia Sucos,"R. Vidal Ramos, 189 - Centro, Florian贸polis - SC, 88010-320, Brazil",
Cia Sucos,"R. Conselheiro Mafra, 551 - Centro, Florian贸polis - SC, 88010-102, Brazil",
Cia Sucos,"R. Esteves J煤nior, 247 - Centro, Florian贸polis - SC, 88015-130, Brazil",
Cia Sucos,"R. Ten. Silveira, 242 - Centro, Florian贸polis - SC, 88010-300, Brazil",
Cia Sucos Estreito,"R. F煤lvio Aducci, 926 - Estreito, Florian贸polis - SC, 88075-000, Brazil",
"Suco Man铆aco - Casa de Sucos, Restaurante, Pastelaria e A莽a铆 - Estreito - Florian贸polis","Pra莽a de alimenta莽茫o - Mac Shopping, R. Cel. Pedro Demoro, 1955 - Loja 10 - Estreito, Florian贸polis - SC, 88075-400, Brazil",
Cia Sucos Lagoa da Concei莽茫o,"R. Manoel Severino de Oliveira - Lagoa da Concei莽茫o, Florian贸polis - SC, 88062-120, Brazil",
Vita Sucos,"R. Trajano, 111 - Centro, Florian贸polis - SC, 88010-010, Brazil",
Suco da Sa煤de,"R. Henrique Vera do Nascimento, 415 - Lagoa da Concei莽茫o, Florian贸polis - SC, 88062-020, Brazil",
Super Sucos,"R. Tiradentes, 112 - Centro, Florian贸polis - SC, 88010-430, Brazil",
Floripa Sucos,"R. Deodoro, 164 - Centro, Florian贸polis - SC, 88010-400, Brazil",
Cia Sucos,"R. Lauro Linhares, 2010 - Trindade, Florian贸polis - SC, 88036-002, Brazil",
Cia Sucos Casa do Bar茫o,"Av. Prof. Othon Gama D'E莽a, 900 - Centro, Florian贸polis - SC, 88015-240, Brazil",
Cia Sucos Gama D'莽a,"lado da lavanderia OMO - Av Othon gama d'莽a 641, sala 1 Ao - Centro, Florian贸polis - SC, 88010-240, Brazil",
"Deli - Sucos, Saladas, Caf茅s e Sandu铆ches","R. Prof. Ayrton Roberto de Oliveira, 65 - SALA 06 - Itacorubi, Florian贸polis - SC, 88034-050, Brazil",
Sucol芒ndia,"R. dos Ilh茅us - Centro, Florian贸polis - SC, 88010-560, Brazil",
Vendo Verde Org芒nicos,"SC-401, 3522 - Saco Grande, Florian贸polis - SC, 88032-005, Brazil",
Armaz茅m Gr茫o Mestre - Naturais e Org芒nicos,"Rodovia Dr. Ant么nio Luiz Moura Gonzaga, 2975 - Rio Tavares, Florian贸polis - SC, 88048-300, Brazil",
Lia Toss Emporium Org芒nico & Natural,"R. Laurindo Janu谩rio da Silveira, 5501 - Porto da Lagoa, Florian贸polis - SC, 88062-201, Brazil",
Alecrim Produtos Naturais e Org芒nicos,"Rod. Admar Gonzaga, 980 - Sala 03 - Itacorubi, Florian贸polis - SC, 88034-000, Brazil",
Quitanda do Paladar - BOX 15 S,"Rua Jer么nimo Coelho 60 box 15 Ala Sul - Centro, Florian贸polis - SC, 88010-030, Brazil",
Caminho dos Ventos Alimentos Integrais e Org芒nicos,"Tv. Leopoldo Jo茫o Santos, 129 - Lojas 2 e 3 - Lagoa da Concei莽茫o, Florian贸polis - SC, 88062-065, Brazil",
Casar茫o Org芒nico,"Av. Pequeno Pr铆ncipe, 1257 - Campeche, Florian贸polis - SC, 88063-000, Brazil",
Besen - Organicos / Direto do Campo,"Av. Pref. Waldemar Vieira, 325 - Saco dos Lim玫es, Florian贸polis - SC, 88045-501, Brazil",
Divina Terra Floripa,"R. Lauro Linhares, 898 - Trindade, Florian贸polis - SC, 88036-002, Brazil",
Olivah Emp贸rio Natural,"R. Dep. Ant么nio Edu Vieira, 523 - Pantanal, Florian贸polis - SC, 88036-020, Brazil",
Org芒nicos Verde & Vida,"R. Laureano, 224 - Campeche, Florian贸polis - SC, 88065-040, Brazil",
Maria Nuts Produtos Naturais e Alimenta莽茫o Saud谩vel,"R. Hermann Blumenau, 282 - Centro, Florian贸polis - SC, 88020-020, Brazil",
Org芒nicos Besen,"Direto do Campo - R. Dr. Albert Sabin, s/n - Box 10 - Agron么mica, Florian贸polis - SC, 88010-400, Brazil",
"Avokado Nutri莽茫o Saud谩vel - Especializada em suplementos, vitaminas, produtos a granel e muito mais!","Top Market - R. Hoepcke, 168 - Centro, Florian贸polis - SC, 88010-130, Brazil",
Mercado S茫o Jorge,"R. Bocai煤va, 2186 - Centro, Florian贸polis - SC, 88015-530, Brazil",
Jeriv谩 Org芒nicos,"R. Roberto Sampaio Gonzaga, 407 - Trindade, Florian贸polis - SC, 88040-380, Brazil",
Emp贸rio D枚ll - Produtos Naturais,"R. Lauro Linhares, 2123 - 5 - Trindade, Florian贸polis - SC, 88036-003, Brazil",
Equil铆brio Produtos Naturais,"Center Lira - R. Felipe Schmidt, 636 - loja 14 - Centro, Florian贸polis - SC, 88010-001, Brazil",
A Tenda Org芒nicos e Agroecol贸gicos,"Av. Pequeno Pr铆ncipe, 1202 - Campeche, Florian贸polis - SC, 88063-000, Brazil",
"Feira de org芒nicos ""Do Campo  Mesa""","R. Padre Louren莽o R. de Andrade, 650 - Santo Antonio de Lisboa, Florian贸polis - SC, 88050-400, Brazil",
Doces de Pelotas @dpelotasfloripa,"R. Trajano, 168 - Sala 2 - Centro, Florian贸polis - SC, 88010-010, Brazil",
Cristal Caf茅,"Rod. Armando Calil Bulos, 5531 - sala 2 - Ingleses Norte, Florian贸polis - SC, 88058-001, Brazil",
Cristal System Bio Desinsetiza莽茫o Florian贸polis,"Serv Jo茫o Jos茅 Correia da Silva, 110 - Barra da Lagoa, Florian贸polis - SC, 88062-615, Brazil",
Bruna Doces,"Estrada - Caminho dos A莽ores, 972 - Casa 3 - Santo Antonio de Lisboa, Florian贸polis - SC, 88050-300, Brazil",
Cristal D'谩gua Piscinas | Piscina em Florian贸polis | Piscina de Fibra | Produtos Para Piscina |,"R. Des. Pedro Silva, 2876 - loja 1 - Coqueiros, Florian贸polis - SC, 88080-701, Brazil",
Cristal ferragens,"R. Jo茫o Pio Duarte Silva, 1124 - C贸rrego Grande, Florian贸polis - SC, 88037-001, Brazil",
硷Cristal Molduraria | Molduras para Decora莽茫o | Molduras para Quadros | Design em Molduras,"Spazio Candella - R. Dr. Agostinho Sielski, 67 - loja 101 - Santa Monica, Florian贸polis - SC, 88035-320, Brazil",
Cristal Loca莽玫es,"dentro da loja Festa e Alegria - Av. Me. Benvenuta, 943 - Santa Monica, Florian贸polis - SC, 88045-520, Brazil",
Crystal Box,"R. Kurt Rantour, 97 - Capoeiras, Florian贸polis - SC, 88070-190, Brazil",
Dolce Chiara Licocci,"R. Eur铆co Hosterno, 219 - Loja 5 - Santa Monica, Florian贸polis - SC, 88035-400, Brazil",
Pousada Mar De Cristal,"Servid茫o Mar de Cristal, 260 - Ingleses Norte, Florian贸polis - SC, 88058-828, Brazil",
Cristal Reformas,"Rod. Virg铆lio V谩rzea, 4245-4269 - Canasvieiras, Florian贸polis - SC, 88054-605, Brazil",
Centro Comercial Cristal Center,"Condom铆nio do Edif铆cio Cristal Center - R. Vidal Ramos, 53 - Centro, Florian贸polis - SC, 88010-320, Brazil",
Diamond Acess贸rios,"Rodovia Dr. Ant么nio Luiz Moura Gonzaga, 4530 - Rio Tavares, Florian贸polis - SC, 88048-301, Brazil",
Genezi Universo das Pedras e Artigos Esot茅ricos,"Rua Lauro Linhares, 2123 Trindade Shopping - Trindade, Florian贸polis - SC, 88036-003, Brazil",
A莽煤car Caravelas,"R. Joaquim Nabuco, 1569 - Capoeiras, Florian贸polis - SC, 88090-060, Brazil",
Cristal Vidros,"Servid茫o Me. Paulina, 885 - Ingleses do Rio Vermelho, Florian贸polis - SC, 88058-328, Brazil",
Cristal Store,"Av. Luiz Boiteux Piazza, 2688 - Cachoeira do Bom Jesus, Florian贸polis - SC, 88054-700, Brazil",
Cristal Park,"Rod. Amaro Ant么nio Vi锚ira, 2623 - Itacorubi, Florian贸polis - SC, 88034-102, Brazil",
Mini Mercado Cristal,"R. S茫o Vicente de Paula, 300 - Agron么mica, Florian贸polis - SC, 88025-330, Brazil",
Guaran谩 4 esta莽玫es,"Campeche, Florian贸polis - State of Santa Catarina, 88063-000, Brazil",
The Best A莽a铆 - Floripa,"Avn - Av. Eng. Max de Souza, 1358 - Coqueiros, Florian贸polis - SC, 88080-000, Brazil",
Guarana da Amazonia,"Servid茫o Alt铆no Manoel Claudino, 1009 - Ingleses do Rio Vermelho, Florian贸polis - SC, 88060-402, Brazil",
